1,rafik,salma,rafik.salma@usms.as.ma
2,lahib,zineb,lahib.zineb@usms.as.ma
3,fekkak,abdou,fekka.abdou@usms.as.ma
4,imr,amine,imr.amine@usms.as.ma
5,ghou,ziad,ghou.ziad@usms.as.ma
6,bouh,ahmed,bouh.ahmed@usms.as.ma
7,fer,rayan,fer.rayan@usms.as.ma
8,chek,salah,chek.salah@usms.as.ma
9,zed,zackaria,zed.zackaria@usms.as.ma
10,ert,othmane,ert.othmane@usms.as.ma
